Name,Shift,Role ,Process,Productivity,Productivity %,Productivity Benchmark,IT Hours,Non IT Hours,Total IT Hours,Working days,Date of Joining
Namrah,M,Supervisor,Picking,60,122%,49,00:21:00,00:04:00,05:29:00,5,01-Jun-22
,,,Stowing,279,89%,313.1,04:49:00,,,,
,,,Scanning,83,377%,22,00:11:00,,,,
,,,Sortly Create Skids,0,0%,10.7,00:08:00,,,,
Nazma Khatoon,M,Stower,Packing (S),13,186%,7,00:12:00,02:35:00,26:50:00,5,04-Mar-26
,,,Packing (M),23,108%,21.3,00:51:00,,,,
,,,Picking,164,99%,165.7,01:11:00,,,,
,,,Stowing,2237,140%,1599,24:36:00,,,,
Ravneet Kaur,M,Stower/Picker,Packing (S),0,0%,2.3,00:04:00,00:00:00,21:05:00,4,27-Apr-26
,,,Packing (M),15,97%,15.4,00:37:00,,,,
,,,Stowing,1226,92%,1326,20:24:00,,,,
Rajat Bhardwaj,M,Packer,Packing (S),96,111%,86.3,02:28:00,02:03:00,42:33:00,7,14-May-26
,,,Packing (M),221,101%,218.8,08:45:00,,,,
,,,Picking,166,40%,413,02:57:00,,,,
,,,Stowing,2197,119%,1844.9,28:23:00,,,,
Paramjeet Singh,E,Stower,Packing (M),73,80%,91.3,03:39:00,01:14:00,34:34:00,6,27-Jun-25
,,,Stowing,2690,134%,2009.6,30:55:00,,,,
Jonnoy White,E,Large Packer,Packing (S),2,114%,1.8,00:03:00,01:34:00,30:30:00,7,03-Mar-24
,,,Packing (M),74,204%,36.3,01:27:00,,,,
,,,Packing (L),494,114%,435,29:00:00,,,,
Tanveer Kaur,E,Stower,Stowing,1372,100%,1376.9,21:11:00,00:00:00,21:11:00,4,23-Mar-26
Jasjeet Kaur,E,Picker,Picking,505,81%,620.7,04:26:00,00:00:00,14:29:00,3,23-Mar-26
,,,Stowing,596,91%,653.3,10:03:00,,,,
Henrietta Obomagbaeghian,E,Packer,Packing (S),574,117%,490,14:00:00,02:55:00,27:30:00,5,09-Apr-26
,,,Packing (M),363,108%,337.5,13:30:00,,,,
Kulwinder Bajwa,E,Floater,Picking,727,79%,914.7,06:32:00,00:00:00,32:53:00,5,13-Apr-26
,,,Stowing,1645,96%,1712.8,26:21:00,,,,
Bohdana Tkhorovska,E,Packer,Packing (S),534,164%,324.9,09:17:00,04:50:00,25:13:00,5,22-Aug-24
,,,Packing (M),588,153%,383.3,15:20:00,,,,
,,,Picking,65,77%,84,00:36:00,,,,
Greg Robinson,E,Packer,Docking,1339,75%,1793.3,22:25:00,03:05:00,22:25:00,5,01-Jun-26
Upekha Manamendra,E,Stower,Stowing,2017,113%,1782.1,27:25:00,02:51:00,27:25:00,5,01-Jun-26
Sana Shariff,NS,Supervisor,Picking,581,97%,602,04:18:00,00:16:00,09:43:00,7,02-May-24
,,,Stowing,6,5%,133.3,02:03:00,,,,
,,,Scanning,56,14%,404,03:22:00,,,,
Mohit Nagi,ES,Supervisor,Picking,100,69%,144.7,01:02:00,00:06:00,08:17:00,6,25-Jun-25
,,,Stowing,136,29%,471.3,07:15:00,,,,
Rohith Poongavalappil,N,Packer/Picker,Packing (S),363,170%,214.1,06:07:00,06:47:00,30:16:00,7,21-Apr-25
,,,Packing (M),960,164%,586.3,23:27:00,,,,
,,,Docking,212,379%,56,00:42:00,,,,
Harpreet Kaur,N,Packer,Packing (S),52,113%,46.1,01:19:00,04:35:00,24:57:00,5,02-Mar-26
,,,Packing (M),636,108%,590.8,23:38:00,,,,
Froilan Allan Oyco,N,Picker,Picking,1592,58%,2758,19:42:00,06:50:00,23:05:00,6,23-Mar-26
,,,Docking,198,73%,270.7,03:23:00,,,,
Harmanjit Kaur,N,Packer,Stowing,786,87%,899.2,13:50:00,00:57:00,13:50:00,3,11-May-26
Daniela Silva,N,Picker/Stower,Picking,670,66%,1008,07:12:00,00:00:00,17:09:00,4,02-Jun-26
,,,Stowing,490,76%,646.8,09:57:00,,,,
Harwinder Singh,N,Packer/Picker,Packing (M),38,120%,31.7,01:16:00,03:03:00,36:58:00,7,03-Sep-25
,,,Packing (L),12,141%,8.5,00:34:00,,,,
,,,Picking,3032,101%,3010,21:30:00,,,,
,,,Stowing,1130,128%,886.2,13:38:00,,,,
